It seems like there may be concerns regarding the costs associated with smoking.,1
It seems that you may hold the belief that making changes to your smoking habit could potentially have a positive impact on your health.,1
"It may be worth considering that quitting smoking could potentially have positive implications for one's health. Furthermore, if someone is interested, there might be alternative methods of giving up smoking that do not involve relying on cigarettes.",1
It could be that smoking brings some sort of relief during challenging times.,1
"It appears that you may have felt upset with the way you were being treated, and as a result, you made the decision not to engage any further.",1
"Consider exploring the possibility of going through detoxification, as it may have some potential benefits for you.",1
It is worth considering that smoking cigarettes could possibly lead to financial strain and you might find it beneficial to reduce your spending on tobacco.,1
It appears that you may not be fond of the potential health risks associated with smoking.,1
One possible approach to reducing cigarette cravings could involve finding strategies to divert your attention or occupy your mind.,1
It may trigger memories of a heart attack for you.,1
Consider that exploring options for setting long-term plans for your smoking habit may potentially support your quitting journey.,1
Have you ever considered the possibility that reducing or quitting smoking could potentially have positive effects on your overall health and well-being?,1
Social interaction can sometimes elicit feelings of fear.,1
It is possible that there is an interest in exploring ways to enhance productivity by reducing smoking.,1
It may be worth considering the idea of exploring potential strategies to reduce alcohol consumption.,1
"It seems like you may be considering the idea of establishing a daily routine that allows for relaxation, including enjoying the occasional smoke.",1
Consider exploring the potential benefits of setting long-term plans for managing a smoking habit as it might enhance the likelihood of achieving desired outcomes.,1
It's possible that one reason you might hesitate to break up with your partner is because there might be concerns about finding someone else.,1
It may seem that you have been consuming more drinks in solitude.,1
It's possible that you may not enjoy contemplating smoking due to concerns about personal health.,1
It seems that you might not appreciate when others are aware that you smoke.,1
It seems like you may be considering the possibility of reducing or quitting smoking cigars altogether.,1
You appear to have a bit less energy than usual.,1
You dislike the fact that your health is slowly deteriorating after each cigarette.,0
You were in a lot of pain.,0
You enjoy the calming effect nicotine gives you.,0
You use amphetamines too often.,0
You dislike how cigarette smoke smells.,0
"You're here to talk about your gambling, is that right?",0
You realize that by making this change you will have a big impact on your life and you are looking forward to how it will look.,0
You are concerned with the costs of smoking.,0
"You believe that by making changes to your smoking habit, you can improve your health.",0
You realize that quitting smoking is important for your health and would like to make this happen without relying on cigarettes.,0
You enjoy smoking because it helps you cope with stressful situations. ,0
"You got mad at the way you were being treated, and so decided not to interact further.",0
It would be a good idea for you to go through detoxification.,0
You realize that cigarettes can potentially cause financial stress and you wish you could spend less on tobacco.,0
You dislike the health risks of smoking.,0
Quitting smoking will require you to find a way to distract yourself from the craving for cigarettes.,0
It reminds you of your heart attack.,0
Setting long-term plans for your smoking habit would help you quit.,0
"You realize that if you stop smoking, you can reduce the strain on your body. ",0
Social interaction makes you afraid.,0
You value productivity and would like to increase it by smoking less.,0
It is time to create a plan to stop drinking.,0
You want to establish a daily routine so you can smoke at your ease.,0
"If you set long-term plans for your smoking habit, you will be more likely to succeed.",0
You're don't want to break up with your partner because you're you won't find someone else.,0
You're finding that you drink a lot when you're alone.,0
You don't like thinking about smoking because you're afraid to die.,0
You dislike that others know that you smoke.,0
You want to stop smoking cigars altogether.,0
You seem low-energy.,0